Exhibit,Node
203,6
204,8
205,10
206,14
234,16
233,17
207,19
208,20
235,22
236,21
237,23
238,24
239,25
240,26
242,27
243,28
241,29
244,34
245,35
246,36
247,37
248,36
249,38
250,39
214,41
215,42
216,43
209,30
217,51
218,48
213,44
211,45
212,47
210,50
223,52
232,53
231,54
230,55
229,56
228,57
227,62
226,59
225,60
224,61
703,64
747,65
748,66
749,67
750,68
751,69
752,70
753,71
754,244
755,72
756,73
757,74
759,75
761,77
762,78
763,79
764,80
765,81
766,82
768,87
767,83
760,87
770,85
769,86
772,88
771,89
758,76
718,95
717,90
719,91
720,92
721,93
722,94
706,96
705,98
704,100
684,103
680,105
681,107
682,108
683,109
619,154
618,152
617,151
615,150
614,111
613,112
612,114
610,115
611,113
609,116
607,117
608,118
606,140
603,141
602,142
604,147
605,148
616,149
624,146
602,142
623,145
621,153
620,155
622,144
600,143
601,136
623,145
625,137
626,138
627,139
628,119
630,121
631,121
631,122
632,123
633,124
629,120
634,125
635,126
636,127
637,128
638,129
639,130
640,135
641,134
642,131
643,132
644,133
690,158
535,157
850,159
851,161
693,162
692,162
691,162
852,163
402,217
403,218
404,219
405,220
464,223
463,224
462,225
461,226
460,227
455,230
456,231
457,232
450,234
451,235
452,236
453,237
454,238
458,239
459,228
460,227
400,215
406,214
173,213
174,212
175,211
176,222
804,181
803,182
802,183
801,167
805,180
806,179
808,177
812,176
827,196
828,194
829,195
830,193
826,192
823,187
820,186
825,191
822,188
819,184
818,185
821,189
824,190
811,173
810,174
809,175
813,172
814,171
815,170
816,169
817,168
917,197
999,207
899,209
918,198
919,199
920,202
921,201
922,202
923,203
924,204
925,205
